{
    "_2b6adb14-0f6f-46c7-9711-461425572a9a": {
        "angle": 120.00017147217024,
        "magnitude": 2495.3200812652867,
        "measurement_mrid": "_2b6adb14-0f6f-46c7-9711-461425572a9a"
    }
}