{"_5dc05768-e0fd-48c5-9e26-285eda1c0b38": {"angle": -85.50904642356652, "magnitude": 9.159699942428736, "measurement_mrid": "_5dc05768-e0fd-48c5-9e26-285eda1c0b38"}}